[
     {
          "tpname": "故宫",
          "list": [
               {
                    "username": "zhang",
                    "content": "hellondlfalkadjfl",
                    "createtime": "2019",
                    "id": "1"
               }
          ]
     },
     {
          "tpname": "故宫2",
          "list": [
               {
                    "username": "sdf",
                    "content": "hellodsfafVB都市快报是就流口水的垦利街道覅",
                    "createtime": "2019",
                    "id": "1"
               }
          ]
     }
]