[
     {
          "username": "li",
          "content": "的收集啊看见和是多啦开发京客隆",
          "introduce": "的收集啊看见和",
          "createtime": "2019-12-2"
     },
     {
          "username": "zhangsan",
          "content": "很快就好看的说法的设备",
          "introduce": "很快就好看",
          "createtime": "123456"
     },
     {
          "username": "zhangsan",
          "content": "ndksnlkl范德萨费",
          "introduce": "ndksnlkl",
          "createtime": "45689"
     },
     {
          "username": "lzy123456",
          "content": "你看从v力坤建安费哦皮能打反馈队列",
          "introduce": "你看从v力坤建安费哦皮能打反馈",
          "createtime": "123"
     },
     {
          "username": "mr德萨",
          "content": "mr32134",
          "introduce": "mr32134",
          "createtime": "2019"
     },
     {
          "username": "mr创建表看就看",
          "content": "那都是负反馈近年来卡士大夫家女四大皆空",
          "introduce": "那都是负反馈近年来卡士大",
          "createtime": "12"
     }
]